{
  "figure": {
    "pdf": "docs/experiments/DG_TWFD_v3/figures/mechanism/timewarp_mechanism_20260502/timewarp_mechanism_main.pdf",
    "png": "docs/experiments/DG_TWFD_v3/figures/mechanism/timewarp_mechanism_20260502/timewarp_mechanism_main.png",
    "data": "docs/experiments/DG_TWFD_v3/figures/mechanism/timewarp_mechanism_20260502/timewarp_mechanism_data.npz",
    "caption": "docs/experiments/DG_TWFD_v3/figures/mechanism/timewarp_mechanism_20260502/caption.tex"
  },
  "config": "experiments/edm_first/configs/cifar10_edm_map_prior_fullstack_timewarp_v21_ctm_aligned.yaml",
  "checkpoint": "/cache/Zhengwei/DG-TWFD-runtime/runs/edm_first_cifar10_prior_fullstack_timewarp_v21_ctm_aligned_from_v20_step3292/checkpoints/step2500.pt",
  "checkpoint_step": 2500,
  "use_ema": true,
  "device": "cuda",
  "num_trajectories": 24,
  "dense_steps": 32,
  "student_steps": 8,
  "seed": 20260502,
  "selection_quantile": 0.6,
  "selected_index": 11,
  "selected_seed": 20260513,
  "selected_label_id": 9,
  "selected_improvement": 1.2653406884055585e-05,
  "aggregate": {
    "identity_mean_defect": 7.815719436621293e-05,
    "dg_mean_defect": 6.599893822567537e-05,
    "mean_improvement": 1.215825614053756e-05,
    "median_improvement": 1.0256706445943564e-05,
    "fraction_dg_better": 0.875,
    "common_path_identity_mean_error": 1.0557929277420044,
    "common_path_dg_mean_error": 2.9839441776275635,
    "node_identity_mean_error": 0.04515929892659187,
    "node_dg_mean_error": 0.04982158914208412,
    "identity_mean": [
      6.819450618422707e-05,
      6.207277480522559e-05,
      8.97723897802886e-05,
      0.00014532468064013906,
      0.00012332256119407248,
      4.474893209286771e-05,
      1.3664521835229001e-05
    ],
    "identity_lo": [
      6.061352994114107e-05,
      4.59965998743428e-05,
      6.41394656781813e-05,
      0.00010444315496063913,
      0.00010011716206766626,
      3.91756649984624e-05,
      1.1706075451911601e-05
    ],
    "identity_hi": [
      7.667834119805169e-05,
      8.081402938084157e-05,
      0.00011809565975795522,
      0.00019690365663412498,
      0.00014697161604999563,
      5.07215916172754e-05,
      1.5725893572001345e-05
    ],
    "dg_mean": [
      0.00015664885055836444,
      4.084098058380429e-05,
      4.387909643810417e-05,
      6.490417536042514e-05,
      7.90672205160566e-05,
      5.465867692085643e-05,
      2.1993556250284502e-05
    ],
    "dg_lo": [
      0.00013293003484401804,
      2.996028142945306e-05,
      3.066356178275479e-05,
      4.529830574332057e-05,
      6.357635852509702e-05,
      4.586707823743078e-05,
      1.931507165788086e-05
    ],
    "dg_hi": [
      0.00018240928197883475,
      5.369726892278474e-05,
      5.8920311926158316e-05,
      8.918293464716953e-05,
      9.518874841205615e-05,
      6.349139248792804e-05,
      2.5021766117561128e-05
    ]
  },
  "projection": {
    "basis_fit": "selected dense teacher trajectory only",
    "axis1": "teacher endpoint displacement",
    "axis2": "PC1 of teacher residual orthogonal to endpoint displacement"
  },
  "panel_a": {
    "u_nodes": [
      0.0,
      0.17351162433624268,
      0.2795358896255493,
      0.3784294128417969,
      0.47567999362945557,
      0.577673077583313,
      0.6910035610198975,
      0.8182735443115234,
      1.0
    ],
    "r_nodes": [
      0.0,
      0.125,
      0.25,
      0.375,
      0.5,
      0.625,
      0.75,
      0.875,
      1.0
    ],
    "defect_bins": [
      0.0,
      0.0,
      0.0,
      0.0,
      0.005586279750257835,
      0.15856971783018253,
      0.37967911060833376,
      0.48884122772334215,
      0.49098827698806746,
      0.5235176304542013,
      0.6157986293012676,
      0.6971617512458702,
      0.6618680794511584,
      0.7326686215265484,
      0.7193633066355597,
      0.6476099240517548,
      0.6555237356590072,
      0.6562816170956544,
      0.683755173829386,
      0.7323127502895169,
      0.7243047017089047,
      0.8442918773741215,
      0.764566722377944,
      0.7633274555132243,
      0.7914003458868466,
      0.8643115259519505,
      0.8558769452926335,
      0.8115515209070636,
      0.7960633534568115,
      0.9465021768740846,
      0.8073486870019922,
      0.9012157380204034,
      0.8056510704137989,
      0.8899306746887663,
      0.9480898841033845,
      0.7385919050642544,
      0.9040419014737919,
      0.9076299320135969,
      0.9080656513527869,
      0.8158342029142936,
      0.8887199829062912,
      1.0,
      0.7916565083262588,
      0.8400802615288804,
      0.833219134334434,
      0.833506236224598,
      0.9521251856113719,
      0.9509892754271113,
      0.8276486821313931,
      0.7642359810004751,
      0.8151628573650113,
      0.7689281716331579,
      0.8120166935225153,
      0.7985261472473313,
      0.7743256196148551,
      0.6667884654214822,
      0.8518036112283726,
      0.8880192516341333,
      0.6988817280048033,
      0.6522263197854342,
      0.7190939037325069,
      0.621265251950148,
      0.6018568264081318,
      0.6166631775342839,
      0.7725043803304266,
      0.6309460574729345,
      0.6194469850147,
      0.571021813190974,
      0.5081791613071499,
      0.6179179816777653,
      0.6131165572200484,
      0.5438962239481212,
      0.5941542542386541,
      0.6388072449925546,
      0.5507527912890179,
      0.5794552454427304,
      0.5355692896092692,
      0.5743713127250921,
      0.48249002726251994,
      0.59715186818551,
      0.5391505648104821,
      0.5283376320930464,
      0.6300730650666783,
      0.669749330326397,
      0.6051233703843389,
      0.6642724395628566,
      0.5499092521590231,
      0.42214739108485805,
      0.3637347551429575,
      0.37749311681662506,
      0.12722829065546848,
      0.00572792231218757,
      0.0,
      0.0,
      0.0,
      0.0
    ],